{"add":{"path":"part-2b5189b7-1105-498e-84bb-4f6473e15e4d.snappy.parquet","partitionValues":{},"size":1759,"modificationTime":1686351250855,"dataChange":true,"stats":"{\"numRecords\":5,\"tightBounds\":false,\"minValues\":{\"id\":557722626002925248,\"label\":\"0a1c9c1f-b79f-4b1e-ad8e-ea1baec38e2f\",\"t1\":1686351250853942,\"t2\":1686351250853943,\"value1\":0.03743989120489182,\"value2\":0.5642281730533689},\"maxValues\":{\"id\":557722626002925248,\"label\":\"f39444ab-2a9b-47f5-96d6-0aef26ecb537\",\"t1\":1686351250853960,\"t2\":1686351250853960,\"value1\":0.6123952104191615,\"value2\":0.6123952104191615},\"nullCount\":{\"value2\":3}}"}}
{"commitInfo":{"clientVersion":"delta-go.alpha-0.0.0","operation":"delta-go.Write","operationParameters":{"mode":"Overwrite","partitionBy":"[]","predicate":"[]"},"test":123,"timestamp":1686351250855}}