{"add":{"path":"part-e01cca12-500a-47d3-94ac-e96759e0aa87.snappy.parquet","partitionValues":{},"size":1716,"modificationTime":1695832690367,"dataChange":true,"stats":"{\"numRecords\":5,\"tightBounds\":false,\"minValues\":{\"id\":3704474307725161762,\"label\":\"84dbba16-0f21-4f6c-aca8-afda0aceb5ac\",\"t1\":1695832690366053,\"value1\":0.016346043747176985,\"value2\":0.016346043747176985},\"maxValues\":{\"id\":3704474307725161762,\"label\":\"fbb59b93-029c-4924-8bee-4a364f1c4eab\",\"t1\":1695832690366057,\"value1\":0.7221625576024768,\"value2\":0.623326704331429},\"nullCount\":{\"id\":0,\"label\":0,\"t1\":0,\"value1\":0,\"value2\":1}}"}}
{"commitInfo":{"clientVersion":"delta-go.alpha-0.0.0","operation":"delta-go.Write","operationParameters":{"mode":"Overwrite","partitionBy":"[]","predicate":"[]"},"test":123,"timestamp":1695832690367}}