{"add":{"path":"part-5b3088cf-9ab3-4916-8d7f-0d39f32c0d3c.snappy.parquet","partitionValues":{},"size":0,"modificationTime":1695771181323,"dataChange":true,"stats":"{\"numRecords\":5,\"tightBounds\":false,\"minValues\":{\"id\":3456333184606467479,\"label\":\"5fc63079-f78c-4416-99ca-fa8a8e0283de\",\"t1\":1695771181323356,\"t2\":1695771181323356,\"value1\":0.11938051513013748,\"value2\":0.28807552503343914},\"maxValues\":{\"id\":3456333184606467479,\"label\":\"f7d06c7f-b6c8-40c9-be1a-9acb381ecbf7\",\"t1\":1695771181323361,\"t2\":1695771181323361,\"value1\":0.7117771524558556,\"value2\":0.32267682810890586},\"nullCount\":{\"id\":0,\"label\":0,\"t1\":0,\"t2\":0,\"value1\":0,\"value2\":3}}"}}
{"commitInfo":{"clientVersion":"delta-go.alpha-0.0.0","operation":"delta-go.Write","operationParameters":{"mode":"Overwrite","partitionBy":"[]","predicate":"[]"},"test":123,"timestamp":1695771181323}}